channel_AF3_lyap_r,channel_F3_lyap_r,channel_F7_lyap_r,channel_FC5_lyap_r,channel_T7_lyap_r,channel_P7_lyap_r,channel_O1_lyap_r,channel_O2_lyap_r,channel_P8_lyap_r,channel_T8_lyap_r,channel_FC6_lyap_r,channel_F8_lyap_r,channel_F4_lyap_r,channel_AF4_lyap_r,arousal
0.02830276560671468,0.02514075278813412,0.023473536747328598,0.02722125223248262,0.02609984379156054,0.03011416158725178,0.02899568649448525,0.008366664404974248,0.027185866771489983,0.026164333534729536,0.027908658382537276,0.024220422019770697,0.026265792135321056,0.028623134872730775,6.60549504950496
